cursor x,cursor y,ch1,ch2,ch3,ch4,ch5
2047,767,-70.80078125,102.05078125,44.921875,16.11328125,64.453125
2048,767,-18.5546875,78.61328125,51.7578125,-23.92578125,62.5
2048,767,129.39453125,28.3203125,43.45703125,30.76171875,37.109375
2048,767,125.48828125,154.78515625,33.69140625,74.21875,47.8515625
2048,767,-24.90234375,173.828125,35.64453125,21.97265625,57.6171875
2048,767,-46.875,-74.70703125,41.9921875,-29.78515625,-2.44140625
2048,767,90.33203125,-191.89453125,47.36328125,-4.39453125,-38.0859375
2048,767,156.25,115.234375,46.38671875,66.89453125,12.20703125
2048,767,24.4140625,226.5625,34.66796875,64.94140625,42.48046875
2048,764,-54.19921875,55.6640625,25.87890625,-3.41796875,23.92578125
2048,764,66.40625,88.37890625,32.71484375,-7.8125,47.36328125
2048,764,176.26953125,200.68359375,37.59765625,57.12890625,46.875
2049,749,77.63671875,180.17578125,34.66796875,77.1484375,50.78125
2049,749,-58.10546875,21.97265625,41.015625,5.37109375,44.43359375
2049,749,21.484375,-19.04296875,36.1328125,-31.25,-9.765625
2049,749,170.41015625,127.44140625,31.73828125,37.109375,-5.859375
2049,749,119.62890625,166.50390625,47.36328125,92.28515625,6.34765625
2049,749,-61.5234375,-132.32421875,39.55078125,32.71484375,-2.9296875
2049,749,-26.85546875,-279.78515625,46.875,-22.4609375,-22.94921875
2049,749,157.2265625,125.9765625,57.6171875,35.15625,4.39453125
2049,749,145.5078125,251.953125,36.62109375,87.40234375,56.640625
2049,749,-16.11328125,122.55859375,27.83203125,54.6875,78.61328125
2049,749,-40.0390625,84.9609375,25.87890625,-21.97265625,36.62109375
2049,749,73.2421875,140.625,34.1796875,-25.390625,2.9296875
2050,729,130.37109375,178.22265625,52.734375,56.640625,98.14453125
2050,729,5.37109375,66.89453125,41.50390625,62.98828125,64.453125
2050,729,-85.44921875,38.57421875,15.625,-13.671875,-11.71875
2050,729,20.01953125,138.671875,33.69140625,-36.1328125,52.24609375
2050,729,133.7890625,86.42578125,54.19921875,45.8984375,76.66015625
2050,725,47.36328125,-21.484375,59.08203125,78.61328125,89.35546875
2050,725,-92.28515625,-7.8125,56.15234375,0.0,79.58984375
2050,725,-18.5546875,136.23046875,44.921875,-37.109375,83.49609375
2050,725,117.67578125,101.5625,32.2265625,17.08984375,70.80078125
2050,725,76.66015625,-43.45703125,28.80859375,70.80078125,44.921875
2050,725,-60.546875,104.00390625,29.78515625,27.83203125,48.33984375
2050,725,-30.2734375,155.2734375,27.34375,-24.4140625,21.484375
2051,699,112.79296875,38.57421875,35.15625,11.23046875,2.9296875
2051,699,121.58203125,52.734375,36.62109375,71.2890625,15.625
2051,699,-20.5078125,158.69140625,28.80859375,53.7109375,33.203125
2051,699,-63.96484375,89.84375,23.92578125,-11.71875,15.13671875
2051,699,66.89453125,28.3203125,36.62109375,-0.48828125,-26.85546875
2051,695,151.85546875,52.734375,46.38671875,78.61328125,10.7421875
2051,695,32.2265625,52.734375,31.25,79.1015625,44.921875
2051,695,-69.3359375,48.828125,29.296875,5.37109375,64.94140625
2051,695,12.20703125,-108.88671875,46.38671875,-24.90234375,52.734375
2051,695,135.7421875,-84.9609375,53.22265625,40.0390625,19.04296875
2051,695,78.125,277.83203125,54.6875,70.80078125,94.23828125
2051,695,-68.359375,202.63671875,41.015625,12.6953125,84.47265625
2051,675,-10.7421875,36.1328125,20.5078125,-15.13671875,-27.34375
2051,675,145.5078125,197.75390625,20.5078125,33.69140625,11.71875
2051,675,111.81640625,250.48828125,29.78515625,74.70703125,49.31640625
2051,675,-55.6640625,76.66015625,43.45703125,21.97265625,19.04296875
2051,675,-55.17578125,20.01953125,53.7109375,-29.296875,8.30078125
2051,675,83.0078125,37.59765625,45.8984375,0.9765625,-6.34765625
2051,675,125.0,123.046875,26.3671875,59.08203125,19.04296875
2051,675,3.41796875,104.00390625,30.2734375,57.6171875,55.6640625
2051,675,-66.89453125,-168.45703125,45.41015625,-16.11328125,5.859375
2051,675,52.734375,5.37109375,39.0625,-26.3671875,-4.39453125
2051,675,169.43359375,309.08203125,29.296875,59.5703125,63.96484375
2051,675,49.8046875,123.046875,38.57421875,80.56640625,36.1328125
2051,646,-85.9375,18.5546875,43.9453125,4.8828125,40.0390625
2051,646,22.94921875,175.78125,40.52734375,-15.13671875,57.6171875
2051,646,173.828125,231.4453125,40.0390625,63.4765625,56.640625
2051,646,98.14453125,161.62109375,44.43359375,100.09765625,48.828125
2051,646,-62.98828125,102.5390625,49.31640625,39.55078125,60.05859375
2051,646,-18.06640625,31.73828125,50.29296875,-17.08984375,66.89453125
2051,646,140.13671875,74.70703125,59.08203125,23.4375,35.15625
2051,646,120.1171875,-10.7421875,47.36328125,84.47265625,45.41015625
2051,646,-45.8984375,-79.1015625,36.1328125,51.26953125,49.8046875
2051,646,-57.12890625,152.34375,43.45703125,-10.7421875,50.29296875
2051,646,74.21875,181.15234375,54.6875,-0.48828125,70.3125
2051,646,122.0703125,133.30078125,60.546875,73.73046875,101.5625
2050,619,1.953125,100.09765625,59.08203125,80.56640625,46.38671875
2050,619,-56.15234375,105.95703125,51.7578125,7.32421875,19.04296875
2050,619,48.33984375,20.99609375,47.8515625,-2.44140625,12.20703125
2050,616,146.97265625,4.8828125,47.36328125,57.6171875,33.203125
2050,616,61.03515625,138.18359375,52.24609375,79.1015625,69.3359375
2050,616,-76.171875,35.15625,48.828125,7.8125,51.7578125
2050,616,0.48828125,-103.515625,41.50390625,-17.578125,39.0625
2050,616,148.4375,-82.03125,14.16015625,49.8046875,60.546875
2050,616,94.23828125,128.41796875,-0.48828125,70.80078125,78.125
2050,616,-48.828125,175.78125,32.71484375,26.85546875,60.546875
2050,616,-15.625,61.5234375,41.9921875,-12.20703125,53.22265625
2050,616,125.48828125,138.18359375,38.57421875,26.3671875,102.05078125
2050,587,122.0703125,239.2578125,60.05859375,72.75390625,120.1171875
2050,587,-33.69140625,78.61328125,74.70703125,35.15625,69.82421875
2050,587,-58.10546875,-146.97265625,68.359375,-20.99609375,11.71875
2050,587,81.0546875,-39.0625,56.15234375,-5.37109375,-11.71875
2050,587,146.484375,148.4375,36.62109375,68.359375,11.23046875
2050,587,23.4375,64.94140625,35.15625,73.73046875,40.0390625
2050,587,-68.84765625,-204.1015625,48.828125,5.37109375,14.6484375
2050,587,39.0625,-135.7421875,28.3203125,-13.671875,11.23046875
2050,582,176.7578125,246.09375,8.7890625,56.640625,65.91796875
2050,582,89.35546875,229.98046875,26.85546875,94.23828125,83.984375
2050,582,-69.3359375,42.48046875,28.3203125,13.18359375,42.96875
2050,582,-10.7421875,65.4296875,19.04296875,-28.80859375,21.484375
2050,569,146.97265625,166.015625,47.36328125,38.57421875,18.5546875
2050,569,117.67578125,133.30078125,63.4765625,87.890625,58.59375
2050,569,-42.48046875,32.71484375,47.8515625,41.015625,72.75390625
2050,569,-37.59765625,-25.390625,43.9453125,-31.25,8.7890625
2050,569,107.91015625,44.921875,51.7578125,11.23046875,26.3671875
2050,569,124.0234375,25.87890625,54.6875,89.84375,61.03515625
2050,569,-38.0859375,-166.9921875,33.69140625,56.15234375,-0.9765625
2050,567,-79.1015625,-17.578125,12.6953125,-24.90234375,-18.06640625
2050,567,55.6640625,168.9453125,27.83203125,-20.5078125,-18.5546875
2050,567,135.7421875,90.33203125,44.43359375,60.546875,11.71875
2050,567,20.01953125,-35.64453125,49.8046875,76.171875,38.57421875
2050,567,-71.2890625,82.51953125,37.59765625,10.25390625,13.671875
2049,555,21.484375,169.43359375,8.7890625,-16.6015625,41.50390625
2049,555,145.5078125,178.22265625,28.3203125,37.109375,76.66015625
2049,555,73.73046875,138.18359375,62.01171875,82.03125,34.1796875
2049,553,-79.1015625,103.02734375,54.6875,19.04296875,18.5546875
2049,553,-21.484375,93.75,47.36328125,-26.3671875,43.45703125
2049,553,127.9296875,62.5,37.59765625,32.71484375,43.9453125
2049,553,105.95703125,60.546875,58.10546875,86.42578125,78.125
2049,553,-54.19921875,34.66796875,60.05859375,42.96875,35.15625
2049,553,-53.7109375,78.125,38.0859375,-27.83203125,-4.8828125
2049,553,82.03125,-97.16796875,49.31640625,1.46484375,0.48828125
2049,553,121.58203125,-105.46875,44.43359375,62.5,4.39453125
2049,553,4.8828125,153.80859375,32.2265625,51.7578125,-8.7890625
2048,538,-58.10546875,118.65234375,34.66796875,-3.41796875,48.828125
2048,538,53.22265625,95.703125,32.71484375,-5.859375,74.70703125
2048,538,137.20703125,182.6171875,32.2265625,53.22265625,31.25
2047,536,27.34375,208.984375,33.69140625,66.89453125,68.359375
2047,536,-81.54296875,75.68359375,37.59765625,12.20703125,95.21484375
2047,536,-0.48828125,-68.359375,33.69140625,-18.06640625,34.66796875
2047,536,138.671875,16.6015625,32.71484375,39.0625,20.01953125
2047,536,77.63671875,148.92578125,50.78125,77.63671875,23.4375
2047,536,-78.61328125,32.71484375,55.17578125,26.85546875,45.41015625
2047,536,-42.96875,-255.859375,36.1328125,-25.87890625,34.1796875
2047,536,125.9765625,-17.578125,18.5546875,15.13671875,4.8828125
2047,536,129.8828125,237.3046875,23.4375,86.9140625,4.39453125
2044,521,-39.0625,98.6328125,37.59765625,35.15625,25.390625
2044,521,-55.17578125,63.4765625,46.875,-41.50390625,41.50390625
2044,521,94.7265625,139.6484375,39.0625,-9.765625,3.90625
2044,521,145.99609375,193.84765625,25.390625,63.4765625,30.76171875
2044,521,20.5078125,135.7421875,55.6640625,69.82421875,100.09765625
2044,511,-62.01171875,-38.57421875,68.84765625,-10.25390625,49.31640625
2042,511,26.85546875,-37.59765625,42.48046875,-36.62109375,15.13671875
2042,511,141.11328125,181.15234375,37.59765625,48.33984375,76.171875
2042,511,40.0390625,-3.90625,47.36328125,70.3125,83.49609375
2042,511,-94.7265625,-145.01953125,38.0859375,-5.859375,25.87890625
2042,511,-3.41796875,107.421875,9.27734375,-40.0390625,3.41796875
2042,511,144.04296875,92.28515625,16.6015625,34.66796875,40.0390625
2036,478,101.07421875,40.0390625,53.7109375,94.7265625,51.26953125
2036,478,-61.03515625,68.84765625,51.7578125,26.3671875,-5.37109375
2036,478,-36.1328125,98.6328125,33.69140625,-34.66796875,-25.87890625
2036,478,120.60546875,116.2109375,38.57421875,6.34765625,28.3203125
2036,476,103.02734375,114.74609375,41.50390625,57.6171875,41.50390625
2036,476,-60.546875,35.15625,38.0859375,32.71484375,38.0859375
2036,476,-70.80078125,41.50390625,46.875,-23.92578125,54.19921875
2036,476,60.05859375,66.40625,50.29296875,-19.53125,67.87109375
2036,476,121.09375,-48.33984375,41.9921875,44.43359375,52.734375
2036,476,15.13671875,138.671875,49.31640625,56.640625,81.54296875
2036,476,-74.21875,168.45703125,46.38671875,-7.32421875,49.8046875
2036,476,28.3203125,45.41015625,17.578125,-20.01953125,-12.20703125
2033,461,164.0625,111.81640625,3.41796875,50.78125,2.9296875
2033,461,75.68359375,120.60546875,29.296875,82.51953125,19.04296875
2033,461,-69.3359375,53.22265625,52.24609375,20.5078125,-12.20703125
2033,461,0.48828125,-28.3203125,47.36328125,-18.06640625,-23.92578125
2033,461,142.578125,75.1953125,35.15625,34.66796875,23.4375
2033,461,102.05078125,121.58203125,42.96875,76.66015625,56.640625
2033,461,-60.546875,10.25390625,38.57421875,29.296875,0.0
2033,461,-38.57421875,-131.34765625,28.3203125,-17.08984375,-37.59765625
2033,461,115.234375,-20.99609375,21.484375,8.7890625,41.015625
2033,461,147.94921875,281.25,39.55078125,76.66015625,46.38671875
2033,461,11.71875,189.453125,56.15234375,66.89453125,38.57421875
2033,461,-28.3203125,62.5,59.08203125,-6.8359375,48.33984375
2030,447,93.75,145.99609375,55.6640625,1.953125,53.22265625
2030,447,159.66796875,240.234375,19.04296875,62.5,65.4296875
2030,447,35.15625,133.7890625,22.4609375,63.96484375,60.546875
2030,447,-68.359375,-57.6171875,48.33984375,-6.8359375,27.34375
2030,446,28.80859375,-32.71484375,48.33984375,-25.390625,-7.32421875
2030,446,168.9453125,56.15234375,64.453125,62.01171875,-28.3203125
2030,446,91.796875,22.94921875,74.70703125,101.5625,18.5546875
2030,446,-93.26171875,-219.7265625,58.59375,-1.953125,21.97265625
2030,446,-51.26953125,-83.49609375,42.48046875,-75.1953125,11.23046875
2030,446,119.140625,244.140625,39.55078125,-0.48828125,18.06640625
2030,446,104.4921875,133.7890625,44.43359375,76.171875,5.37109375
2030,446,-49.31640625,-29.296875,57.12890625,56.15234375,4.8828125
2028,429,-62.01171875,-67.3828125,57.6171875,-29.296875,3.90625
2027,429,42.96875,-21.97265625,55.17578125,-46.38671875,56.15234375
2027,429,59.08203125,-61.03515625,64.94140625,20.5078125,64.94140625
2027,429,-94.7265625,-144.04296875,62.5,-6.34765625,27.83203125
2027,429,-180.6640625,-197.265625,41.50390625,-105.46875,-7.32421875
2027,429,-85.44921875,-230.95703125,50.78125,-136.71875,6.8359375
2027,429,-14.6484375,-351.07421875,63.96484375,-85.9375,3.41796875
2027,429,-137.6953125,-334.47265625,51.26953125,-92.28515625,35.15625
2027,429,-252.9296875,-53.22265625,29.296875,-184.5703125,51.7578125
2027,429,-162.109375,-22.4609375,19.04296875,-213.37890625,-31.73828125
2027,429,-32.71484375,57.6171875,53.22265625,-160.64453125,41.9921875
2027,429,-123.53515625,157.2265625,74.21875,-148.4375,71.77734375
2025,409,-292.96875,111.81640625,84.9609375,-214.35546875,19.53125
2025,409,-237.3046875,59.5703125,80.078125,-244.62890625,26.3671875
2025,409,-90.8203125,127.44140625,74.70703125,-204.1015625,83.984375
2025,409,-105.95703125,234.375,66.89453125,-154.296875,97.16796875
2025,409,-259.27734375,173.828125,62.98828125,-179.6875,41.015625
2025,409,-272.94921875,-10.7421875,71.2890625,-236.328125,40.52734375
2025,404,-142.578125,-129.8828125,42.96875,-214.35546875,16.11328125
2024,404,-88.37890625,139.6484375,24.90234375,-153.3203125,9.765625
2024,404,-177.24609375,292.48046875,32.71484375,-124.0234375,42.96875
2024,404,-220.703125,117.67578125,34.1796875,-155.76171875,20.5078125
2024,404,-113.28125,159.66796875,24.90234375,-168.9453125,22.94921875
2024,404,17.08984375,468.75,47.8515625,-71.2890625,129.8828125
2021,387,-62.98828125,419.921875,98.14453125,-38.57421875,94.23828125
2021,387,-172.8515625,218.75,80.078125,-96.19140625,21.484375
2021,387,-63.4765625,220.703125,40.0390625,-93.75,8.30078125
2020,384,91.796875,350.09765625,35.64453125,-12.6953125,11.71875
2020,384,39.0625,375.0,23.92578125,40.0390625,53.22265625
2020,384,-90.8203125,168.45703125,22.94921875,3.90625,69.3359375
2020,384,-36.1328125,39.0625,28.3203125,-32.71484375,-20.01953125
2020,384,128.41796875,229.4921875,21.97265625,11.71875,-57.6171875
2020,384,155.2734375,389.6484375,31.73828125,91.30859375,69.82421875
2020,384,18.5546875,117.1875,54.6875,92.28515625,58.10546875
2020,384,3.90625,-4.8828125,48.828125,41.015625,12.20703125
2020,384,139.6484375,216.796875,5.37109375,45.41015625,19.04296875
2016,359,209.47265625,285.64453125,9.27734375,114.2578125,11.71875
2016,359,88.8671875,192.3828125,-3.90625,124.51171875,43.45703125
2016,359,-2.44140625,190.4296875,-30.2734375,46.875,30.2734375
2016,349,113.76953125,296.875,-4.8828125,37.109375,55.6640625
2015,349,248.53515625,261.23046875,22.94921875,130.37109375,38.57421875
2015,349,156.25,132.8125,30.2734375,166.015625,24.90234375
2015,349,24.4140625,94.23828125,28.3203125,109.375,54.19921875
2015,349,98.14453125,189.94140625,23.92578125,60.05859375,19.53125
2015,349,232.91015625,197.75390625,20.01953125,106.4453125,46.875
2015,349,205.56640625,11.23046875,30.2734375,180.6640625,18.5546875
2015,349,56.640625,146.97265625,33.69140625,130.859375,23.4375
2015,349,48.828125,241.2109375,3.41796875,51.7578125,38.57421875
2010,333,186.03515625,180.17578125,-13.671875,71.77734375,31.73828125
2010,333,209.47265625,200.1953125,-3.90625,137.20703125,66.89453125
2010,333,82.03125,217.28515625,-6.8359375,129.39453125,53.7109375
2010,333,26.3671875,159.1796875,21.484375,65.91796875,5.37109375
2010,333,134.765625,50.78125,48.828125,74.21875,-11.23046875
2009,328,210.9375,83.0078125,33.203125,133.7890625,42.48046875
2009,328,88.8671875,162.59765625,25.87890625,135.25390625,95.21484375
2009,328,1.953125,120.1171875,34.1796875,81.0546875,30.2734375
2009,328,90.8203125,-28.80859375,20.01953125,55.6640625,12.20703125
2009,328,206.54296875,62.98828125,-3.41796875,106.93359375,68.84765625
2009,328,134.27734375,270.99609375,1.953125,126.46484375,9.765625
2009,328,-20.5078125,132.32421875,21.97265625,68.84765625,-31.73828125
2004,315,42.96875,40.52734375,16.11328125,31.25,-9.765625
2004,315,210.44921875,193.84765625,20.01953125,90.33203125,37.109375
2004,315,186.03515625,303.22265625,46.38671875,148.92578125,71.2890625
2004,315,9.27734375,65.4296875,44.921875,96.6796875,26.3671875
2004,314,-3.90625,-92.7734375,37.109375,32.71484375,-41.9921875
2003,314,141.11328125,44.921875,38.0859375,57.6171875,-26.3671875
2003,314,172.36328125,171.875,31.73828125,124.0234375,48.828125
2003,314,31.25,95.21484375,13.671875,95.21484375,75.68359375
2003,314,-26.85546875,-112.3046875,2.9296875,12.6953125,40.0390625
2003,314,89.84375,87.40234375,20.99609375,10.7421875,14.6484375
2003,314,187.98828125,314.94140625,45.41015625,82.51953125,60.546875
2003,314,74.21875,177.24609375,57.12890625,101.5625,47.36328125
1997,304,-44.43359375,53.7109375,35.15625,28.3203125,9.27734375
1996,304,65.91796875,110.3515625,15.625,10.7421875,-4.39453125
1996,304,209.47265625,198.2421875,27.83203125,86.9140625,17.578125
1996,304,121.58203125,173.33984375,39.0625,108.3984375,69.3359375
1996,304,-62.01171875,44.921875,40.0390625,25.390625,25.390625
1996,304,-15.625,-24.90234375,38.0859375,-19.04296875,11.23046875
1996,304,149.4140625,36.62109375,35.15625,42.48046875,44.43359375
1996,304,124.51171875,-92.7734375,26.85546875,97.65625,10.25390625
1996,304,-35.15625,-172.36328125,25.390625,54.19921875,18.5546875
1996,304,-30.2734375,119.140625,42.48046875,-16.6015625,64.94140625
1996,304,124.0234375,208.49609375,45.8984375,14.6484375,71.77734375
1996,304,180.17578125,180.17578125,46.38671875,94.23828125,70.80078125
1987,300,60.05859375,162.59765625,34.66796875,89.84375,32.71484375
1987,300,-18.06640625,147.4609375,25.87890625,24.4140625,56.15234375
1987,300,54.6875,84.9609375,38.57421875,-11.23046875,65.91796875
1987,300,151.3671875,85.9375,19.04296875,51.26953125,40.0390625
1987,300,69.3359375,139.16015625,2.44140625,86.9140625,42.96875
1987,299,-55.17578125,-42.48046875,30.76171875,27.83203125,-19.53125
1985,299,35.15625,-138.671875,43.9453125,9.27734375,-16.11328125
1985,299,160.15625,-87.890625,47.36328125,37.109375,52.24609375
1985,299,98.14453125,61.5234375,50.29296875,70.3125,52.734375
1985,299,-40.0390625,175.78125,53.22265625,42.48046875,42.96875
1985,299,-13.18359375,26.3671875,41.9921875,-8.7890625,26.85546875
1985,299,151.3671875,35.15625,38.0859375,51.7578125,24.90234375
1966,298,157.71484375,249.51171875,47.36328125,115.234375,63.96484375
1966,298,-6.8359375,187.5,30.76171875,83.984375,67.87109375
1966,298,-21.484375,65.4296875,17.578125,27.34375,58.59375
1966,298,112.3046875,104.00390625,33.69140625,39.0625,47.8515625
1966,298,165.52734375,195.3125,28.3203125,113.28125,55.17578125
1966,298,34.66796875,112.3046875,22.94921875,104.00390625,88.37890625
1966,298,-69.82421875,-182.6171875,53.7109375,17.08984375,51.26953125
1966,298,28.80859375,-147.94921875,43.9453125,-3.41796875,28.80859375
1966,298,166.015625,217.7734375,20.99609375,64.453125,43.9453125
1966,298,81.0546875,198.2421875,36.62109375,90.33203125,31.73828125
1966,298,-63.4765625,-18.06640625,54.6875,24.4140625,-2.9296875
1966,298,11.23046875,29.296875,70.80078125,-2.9296875,-10.7421875
1928,301,138.671875,227.05078125,59.08203125,35.64453125,31.73828125
1928,301,73.2421875,178.7109375,42.48046875,80.078125,55.17578125
1928,301,-80.56640625,-15.625,41.9921875,34.1796875,29.78515625
1928,301,-45.41015625,30.76171875,26.85546875,-21.97265625,-4.39453125
1928,302,109.86328125,193.359375,23.92578125,33.203125,29.296875
1919,302,122.55859375,140.625,39.0625,107.421875,111.328125
1919,302,-31.73828125,-100.09765625,45.8984375,71.77734375,86.9140625
1919,302,-62.01171875,7.8125,36.1328125,-19.04296875,43.9453125
1919,302,93.75,219.23828125,38.57421875,10.7421875,54.19921875
1919,302,158.203125,194.82421875,64.453125,92.28515625,42.48046875
1919,302,-6.8359375,138.18359375,53.7109375,58.59375,37.59765625
1919,302,-105.46875,93.26171875,35.15625,-21.97265625,-20.5078125
1881,305,17.578125,62.01171875,27.34375,-26.3671875,-15.625
1881,305,138.671875,19.53125,34.66796875,54.19921875,33.69140625
1881,305,59.08203125,87.40234375,42.96875,76.66015625,41.50390625
1881,305,-79.58984375,150.87890625,29.78515625,12.6953125,45.8984375
1881,305,-18.06640625,111.81640625,21.484375,-11.23046875,34.1796875
1881,305,133.7890625,65.91796875,47.8515625,44.43359375,39.0625
1881,305,101.07421875,52.734375,56.15234375,91.796875,49.8046875
1881,305,-45.41015625,103.02734375,44.921875,56.15234375,25.390625
1881,305,-36.1328125,139.6484375,32.71484375,1.953125,38.57421875
1877,305,83.0078125,-25.87890625,21.484375,5.37109375,41.015625
1877,305,124.51171875,-1.46484375,37.109375,66.89453125,-8.7890625
1877,305,1.46484375,180.6640625,38.0859375,74.70703125,-22.94921875
1846,307,-68.359375,93.75,34.66796875,6.8359375,16.11328125
1835,307,46.875,67.87109375,43.45703125,3.90625,23.92578125
1835,307,147.4609375,176.7578125,33.203125,65.91796875,28.3203125
1835,307,44.921875,135.25390625,49.31640625,72.75390625,22.4609375
1835,307,-62.01171875,10.25390625,73.73046875,23.92578125,27.34375
1835,307,14.6484375,-141.6015625,67.3828125,-7.32421875,0.48828125
1835,307,140.625,47.8515625,12.20703125,37.59765625,20.5078125
1835,307,86.9140625,243.65234375,-7.8125,79.1015625,13.18359375
1835,307,-90.33203125,17.08984375,27.83203125,17.08984375,-20.99609375
1835,307,-55.17578125,-64.94140625,38.57421875,-30.2734375,26.3671875
1835,307,130.37109375,185.05859375,37.59765625,26.85546875,25.390625
1835,307,124.0234375,233.3984375,29.296875,84.9609375,17.08984375
1814,308,-43.45703125,77.63671875,46.875,43.9453125,15.13671875
1814,308,-45.8984375,57.6171875,51.7578125,-15.625,37.109375
1814,308,99.12109375,161.1328125,40.0390625,2.44140625,47.36328125
1814,308,131.34765625,186.5234375,53.7109375,62.98828125,19.53125
1814,308,-7.8125,114.2578125,64.94140625,47.8515625,42.96875
1805,308,-94.23828125,37.109375,25.390625,-41.50390625,115.72265625
1805,308,-8.7890625,37.109375,16.6015625,-66.89453125,95.21484375
1805,308,85.44921875,100.09765625,40.52734375,-7.8125,48.33984375
1805,308,-30.76171875,-74.70703125,36.62109375,5.37109375,28.3203125
1805,308,-166.9921875,-196.77734375,42.96875,-83.0078125,-1.46484375
1805,308,-60.546875,138.671875,45.8984375,-111.328125,34.1796875
1805,308,93.26171875,248.046875,31.25,-29.78515625,41.9921875
1786,309,35.15625,143.5546875,50.78125,17.08984375,13.671875
1786,309,-126.46484375,123.046875,61.5234375,-37.59765625,14.16015625
1786,309,-108.3984375,134.765625,25.87890625,-108.3984375,46.875
1784,309,49.8046875,79.1015625,16.6015625,-52.24609375,5.859375
1784,309,62.01171875,109.86328125,38.0859375,23.4375,45.8984375
1784,309,-96.19140625,13.18359375,46.38671875,-11.23046875,36.62109375
1784,309,-112.3046875,1.46484375,37.109375,-65.91796875,38.57421875
1784,309,44.43359375,49.31640625,31.25,-40.0390625,28.3203125
1784,309,86.9140625,-187.01171875,27.34375,30.2734375,-28.3203125
1784,309,-36.1328125,-39.0625,15.625,28.3203125,-2.44140625
1784,309,-87.890625,171.875,30.76171875,-26.85546875,28.80859375
1784,309,38.57421875,119.62890625,49.31640625,-18.06640625,58.59375
1767,309,150.390625,132.8125,33.69140625,47.8515625,57.12890625
1767,309,65.4296875,149.90234375,33.203125,68.84765625,20.01953125
1767,309,-67.87109375,84.47265625,45.41015625,8.7890625,11.71875
1765,309,-12.6953125,20.5078125,44.921875,-24.90234375,17.08984375
1765,309,131.34765625,92.28515625,41.9921875,21.484375,19.53125
1765,309,95.21484375,84.9609375,46.875,70.3125,44.921875
1765,309,-55.17578125,-13.18359375,43.45703125,35.15625,37.59765625
1765,309,-31.73828125,-162.109375,40.0390625,-20.99609375,33.69140625
1765,309,121.58203125,-64.94140625,43.9453125,23.92578125,38.57421875
1765,309,130.859375,265.13671875,37.59765625,83.49609375,75.1953125
1765,309,-26.3671875,108.3984375,23.4375,53.22265625,51.26953125
1765,309,-69.82421875,-60.05859375,24.4140625,-14.6484375,3.41796875
1748,310,71.2890625,115.234375,44.921875,4.8828125,14.16015625
1748,310,163.57421875,276.3671875,55.17578125,90.8203125,48.33984375
1746,310,40.52734375,154.296875,60.546875,94.7265625,35.15625
1746,310,-71.77734375,15.13671875,34.1796875,22.94921875,5.37109375
1746,310,19.04296875,99.12109375,8.7890625,-8.7890625,24.4140625
1746,310,146.97265625,100.5859375,32.2265625,58.10546875,9.27734375
1746,310,80.078125,-0.48828125,63.96484375,106.93359375,21.484375
1746,310,-68.359375,-143.06640625,61.03515625,38.0859375,33.203125
1746,310,-15.625,17.578125,34.1796875,-29.78515625,7.8125
1746,310,147.94921875,264.16015625,23.92578125,19.04296875,53.22265625
1746,310,112.3046875,203.61328125,36.1328125,80.56640625,76.171875
1746,310,-45.8984375,102.5390625,59.5703125,42.48046875,38.0859375
1720,309,-19.53125,67.3828125,56.15234375,-4.39453125,39.0625
1720,309,114.2578125,147.94921875,36.1328125,29.296875,65.91796875
1720,309,122.0703125,134.27734375,15.625,83.49609375,81.54296875
1720,309,-20.01953125,62.01171875,17.08984375,59.08203125,73.73046875
1720,309,-71.2890625,120.60546875,26.3671875,-30.2734375,72.265625
1720,309,55.6640625,62.98828125,33.69140625,-28.80859375,36.62109375
1720,309,146.484375,-84.47265625,23.92578125,65.4296875,10.25390625
1720,309,33.69140625,-52.734375,20.01953125,69.3359375,37.109375
1720,309,-65.91796875,130.37109375,43.9453125,-1.46484375,21.97265625
1720,309,21.484375,127.44140625,62.98828125,-32.71484375,21.97265625
1720,309,143.06640625,125.48828125,62.01171875,14.16015625,26.85546875
1720,309,84.47265625,186.03515625,52.734375,69.82421875,47.36328125
1695,306,-72.75390625,139.16015625,52.24609375,18.06640625,45.8984375
1695,306,-39.0625,39.55078125,31.73828125,-31.25,16.11328125
1695,306,108.3984375,-5.37109375,25.390625,10.7421875,25.87890625
1695,306,102.05078125,102.05078125,43.45703125,64.94140625,97.16796875
1695,306,-43.45703125,146.484375,42.48046875,31.73828125,101.5625
1695,306,-56.640625,-27.83203125,21.97265625,-26.3671875,62.5
1695,306,74.21875,-223.6328125,16.6015625,-4.8828125,60.546875
1695,306,120.60546875,5.859375,12.6953125,47.8515625,92.28515625
1695,306,1.46484375,229.4921875,21.97265625,51.7578125,65.4296875
1695,306,-54.19921875,82.03125,63.96484375,1.953125,41.9921875
1695,306,53.7109375,43.45703125,74.21875,-8.30078125,-16.6015625
1695,306,153.80859375,188.4765625,58.10546875,59.5703125,1.46484375
1683,305,42.48046875,208.984375,34.1796875,70.3125,77.1484375
1680,305,-98.6328125,39.55078125,24.4140625,-8.7890625,43.9453125
1680,305,-5.859375,68.84765625,40.0390625,-33.203125,80.56640625
1680,305,138.671875,182.6171875,43.45703125,39.0625,74.70703125
1680,305,83.0078125,131.34765625,32.2265625,79.58984375,10.7421875
1680,305,-72.75390625,-44.921875,20.5078125,25.87890625,-9.765625
1680,305,-22.94921875,-118.1640625,27.34375,1.46484375,-16.11328125
1680,305,151.3671875,-4.39453125,46.875,56.15234375,-6.34765625
1680,305,132.8125,125.9765625,65.91796875,95.21484375,28.3203125
1680,305,-42.96875,-41.9921875,55.17578125,37.59765625,53.22265625
1680,305,-63.4765625,-104.98046875,33.69140625,-28.80859375,8.30078125
1680,305,87.890625,164.55078125,39.55078125,6.8359375,-17.578125
1661,302,159.1796875,229.00390625,34.1796875,83.984375,41.015625
1661,302,24.90234375,34.1796875,38.0859375,83.984375,88.8671875
1661,302,-63.4765625,1.953125,43.9453125,3.90625,45.8984375
1661,302,52.24609375,155.2734375,37.109375,-13.671875,0.0
1661,302,155.76171875,143.5546875,38.57421875,67.3828125,0.9765625
1661,302,65.4296875,20.01953125,42.96875,116.2109375,-10.25390625
1661,302,-60.05859375,-39.0625,50.29296875,53.7109375,-21.97265625
1661,302,4.8828125,29.78515625,44.921875,-11.23046875,-23.4375
1661,302,130.859375,69.3359375,46.38671875,31.73828125,0.48828125
1661,302,71.77734375,-105.46875,57.12890625,75.1953125,33.69140625
1661,302,-72.265625,0.9765625,42.96875,20.99609375,60.546875
1661,302,-40.0390625,193.84765625,29.296875,-34.1796875,50.29296875
1650,301,105.46875,159.1796875,38.57421875,3.90625,41.9921875
1650,301,115.72265625,187.01171875,40.52734375,69.3359375,43.9453125
1650,301,-37.109375,204.1015625,42.48046875,41.9921875,81.54296875
1650,301,-73.2421875,105.95703125,29.78515625,-26.3671875,53.7109375
1646,300,71.77734375,78.61328125,45.41015625,-7.8125,30.76171875
1646,300,157.2265625,98.6328125,67.3828125,82.51953125,60.05859375
1646,300,12.20703125,55.17578125,8.7890625,72.75390625,71.77734375
1646,300,-91.796875,41.50390625,1.953125,-14.6484375,16.11328125
1646,300,22.4609375,-70.3125,59.08203125,-24.4140625,22.94921875
1646,300,148.4375,-60.05859375,72.265625,36.62109375,45.8984375
1646,300,66.40625,123.046875,41.9921875,68.359375,-2.9296875
1646,300,-83.984375,122.55859375,21.97265625,8.7890625,15.625
1632,298,-9.27734375,-54.6875,40.0390625,-21.484375,32.71484375
1629,298,157.71484375,69.3359375,36.1328125,38.57421875,26.3671875
1629,298,102.5390625,253.41796875,26.85546875,62.98828125,21.484375
1629,298,-66.40625,94.23828125,37.59765625,24.4140625,16.11328125
1629,298,-43.9453125,21.484375,19.53125,-26.85546875,20.5078125
1629,298,101.5625,52.24609375,12.20703125,0.9765625,30.76171875
1629,298,127.9296875,135.25390625,46.875,70.80078125,41.9921875
1629,298,-24.90234375,86.9140625,67.3828125,46.875,53.7109375
1629,298,-89.84375,-162.109375,65.91796875,-26.3671875,7.8125
1629,298,46.875,55.17578125,60.546875,-38.57421875,16.11328125
1629,298,157.2265625,258.7890625,33.69140625,45.41015625,24.90234375
1629,298,49.31640625,118.65234375,24.4140625,67.87109375,9.27734375
1610,295,-86.9140625,-20.99609375,39.55078125,-22.4609375,23.92578125
1610,295,-2.9296875,109.375,33.69140625,-45.41015625,82.51953125
1610,295,142.578125,271.97265625,14.16015625,37.59765625,117.1875
1610,295,67.87109375,109.375,16.11328125,71.2890625,85.9375
1610,295,-85.9375,-11.71875,40.52734375,0.48828125,38.57421875
1610,295,-28.80859375,8.30078125,58.10546875,-26.85546875,9.765625
1610,295,122.0703125,42.48046875,49.31640625,39.0625,9.27734375
1610,295,92.7734375,-32.71484375,48.828125,91.30859375,35.15625
1610,295,-62.98828125,-52.24609375,55.17578125,43.9453125,67.87109375
1610,295,-49.8046875,140.13671875,32.2265625,-24.90234375,32.71484375
1610,295,98.6328125,184.5703125,37.109375,9.27734375,37.59765625
1610,295,131.34765625,168.45703125,43.9453125,71.2890625,52.734375
1590,293,-13.671875,75.68359375,42.48046875,45.8984375,2.9296875
1590,293,-63.4765625,60.05859375,29.78515625,-14.6484375,0.0
1590,293,63.96484375,59.5703125,23.92578125,-4.8828125,39.0625
1590,293,166.50390625,67.87109375,39.0625,73.2421875,39.55078125
1590,293,57.12890625,137.6953125,41.015625,84.47265625,10.7421875
1590,293,-89.84375,10.7421875,33.203125,6.34765625,5.859375
1590,293,-7.32421875,-53.7109375,49.8046875,-26.3671875,44.43359375
1590,293,132.32421875,-118.65234375,49.8046875,20.99609375,28.3203125
1590,293,87.40234375,46.38671875,35.64453125,74.70703125,6.34765625
1590,293,-65.91796875,168.45703125,51.26953125,22.4609375,-15.13671875
1590,293,-37.59765625,59.08203125,33.69140625,-42.96875,-9.765625
1590,293,124.51171875,149.90234375,4.39453125,6.34765625,62.98828125
1581,292,123.53515625,229.00390625,27.34375,71.77734375,63.4765625
1581,292,-41.9921875,144.53125,43.9453125,40.52734375,45.8984375
1581,292,-58.59375,35.15625,36.1328125,-19.53125,60.546875
1581,292,81.54296875,63.96484375,33.69140625,-3.41796875,32.71484375
1581,292,134.27734375,122.55859375,27.83203125,60.05859375,25.87890625
1581,292,12.6953125,44.43359375,47.8515625,65.91796875,51.26953125
1577,292,-73.2421875,-150.87890625,55.17578125,-2.9296875,74.70703125
1577,292,30.2734375,-122.0703125,47.8515625,-23.4375,63.96484375
1577,292,156.25,208.984375,41.015625,48.828125,49.8046875
1577,292,83.49609375,172.8515625,37.59765625,91.30859375,11.23046875
1577,292,-56.15234375,-14.16015625,36.1328125,21.484375,7.32421875
1577,292,3.90625,75.68359375,30.76171875,-35.15625,57.12890625
1557,291,159.66796875,232.91015625,36.62109375,24.4140625,52.24609375
1557,291,102.05078125,169.921875,36.62109375,78.61328125,48.828125
1557,291,-99.609375,30.2734375,19.53125,7.32421875,39.0625
1557,291,-77.63671875,73.2421875,22.4609375,-50.78125,37.59765625
1557,291,93.75,183.59375,17.578125,-0.9765625,61.5234375
1557,291,89.84375,96.19140625,12.6953125,51.7578125,91.796875
1557,291,-58.10546875,-142.578125,33.203125,12.6953125,52.24609375
1557,291,-73.73046875,-91.796875,26.85546875,-65.91796875,-20.99609375
1557,291,71.77734375,154.78515625,13.671875,-46.38671875,-36.1328125
1557,291,158.69140625,162.109375,0.0,37.109375,13.671875
1557,291,39.55078125,78.125,-10.25390625,31.25,23.92578125
1553,291,-43.45703125,183.10546875,16.11328125,-49.31640625,59.5703125
1539,291,62.98828125,215.33203125,42.96875,-51.26953125,81.0546875
1539,291,178.22265625,172.36328125,32.71484375,23.4375,29.296875
1539,291,116.2109375,156.73828125,15.625,56.15234375,31.25
1535,291,4.39453125,129.39453125,11.71875,17.08984375,35.15625
1535,291,59.08203125,66.40625,25.87890625,-39.0625,-6.8359375
1535,291,187.5,16.6015625,28.3203125,-1.953125,-24.90234375
1535,291,161.62109375,44.43359375,11.71875,59.5703125,37.109375
1535,291,15.13671875,93.75,10.25390625,34.1796875,37.109375
1535,291,30.2734375,132.8125,9.765625,-2.44140625,23.92578125
1535,291,169.921875,-55.17578125,19.04296875,34.66796875,40.0390625
1535,291,169.43359375,-108.88671875,7.32421875,74.21875,-7.32421875
1535,291,34.66796875,185.05859375,13.671875,58.59375,24.90234375
1517,291,2.9296875,164.0625,37.59765625,19.04296875,88.37890625
1517,291,123.046875,74.21875,38.0859375,14.6484375,34.66796875
1517,291,204.1015625,200.1953125,47.8515625,74.70703125,42.96875
1517,291,75.1953125,198.73046875,37.59765625,83.0078125,38.57421875
1517,291,-55.6640625,17.578125,29.296875,4.39453125,-22.94921875
1517,291,34.66796875,-59.5703125,18.5546875,-8.7890625,-29.78515625
1517,291,178.7109375,40.52734375,10.25390625,52.734375,-9.765625
1517,291,123.046875,190.91796875,28.80859375,91.796875,58.59375
1517,291,-29.296875,65.4296875,31.73828125,56.640625,37.59765625
1517,291,0.0,-102.05078125,15.13671875,5.37109375,34.1796875
1517,291,160.64453125,165.0390625,30.2734375,40.0390625,53.22265625
1517,291,156.25,279.78515625,53.22265625,96.6796875,54.19921875
1505,290,-14.16015625,32.71484375,46.875,66.89453125,64.453125
1501,290,-37.59765625,20.01953125,42.96875,3.90625,50.78125
1501,290,91.30859375,221.6796875,35.64453125,19.04296875,52.24609375
1501,290,127.9296875,245.60546875,27.34375,86.42578125,47.8515625
1501,290,0.48828125,128.41796875,36.62109375,81.0546875,44.43359375
1501,290,-65.91796875,-13.18359375,26.85546875,18.5546875,23.92578125
1501,290,58.10546875,-0.9765625,39.55078125,22.94921875,6.8359375
1501,290,178.22265625,157.71484375,61.5234375,99.12109375,15.625
1501,290,49.31640625,13.18359375,24.4140625,93.26171875,38.57421875
1501,290,-108.88671875,-111.81640625,21.484375,-9.765625,20.01953125
1501,290,-9.765625,162.109375,34.1796875,-25.87890625,18.06640625
1501,290,153.80859375,207.03125,37.109375,48.828125,19.04296875
1487,290,101.07421875,141.6015625,50.78125,83.0078125,22.94921875
1487,290,-62.5,118.1640625,57.12890625,18.5546875,31.73828125
1487,290,-46.875,78.125,43.9453125,-41.015625,14.16015625
1487,290,108.88671875,92.7734375,33.69140625,29.296875,23.92578125
1487,290,137.20703125,79.58984375,50.29296875,108.88671875,27.34375
1487,290,-25.390625,75.1953125,49.31640625,62.5,88.37890625
1487,290,-85.44921875,93.75,21.97265625,-51.26953125,117.67578125
1487,290,57.6171875,79.58984375,25.390625,-39.0625,65.91796875
1487,290,123.53515625,-20.5078125,43.9453125,47.36328125,35.15625
1487,290,-11.71875,103.515625,36.62109375,33.203125,22.4609375
1487,290,-89.35546875,145.99609375,24.90234375,-27.34375,-4.8828125
1487,290,38.57421875,89.84375,17.08984375,-21.484375,23.4375
1470,290,156.73828125,166.50390625,-1.953125,46.38671875,45.8984375
1470,290,61.03515625,187.01171875,5.37109375,62.5,17.08984375
1470,290,-69.3359375,90.33203125,47.36328125,0.48828125,8.30078125
1470,290,13.18359375,69.3359375,72.265625,-25.87890625,49.31640625
1466,290,155.76171875,61.03515625,51.26953125,19.04296875,9.27734375
1466,290,88.8671875,41.9921875,32.71484375,57.6171875,9.765625
1466,290,-77.63671875,44.921875,42.96875,14.6484375,75.1953125
1466,290,-63.4765625,-141.11328125,42.96875,-33.69140625,24.4140625
1466,290,88.8671875,-130.37109375,34.66796875,2.9296875,2.9296875
1466,290,118.1640625,218.26171875,20.01953125,48.828125,40.52734375
1466,290,-18.5546875,224.609375,30.76171875,38.0859375,53.7109375
1466,290,-51.7578125,73.2421875,47.36328125,-12.20703125,25.87890625
1451,290,74.21875,134.27734375,47.36328125,3.41796875,-1.953125
1451,290,149.4140625,247.55859375,49.8046875,58.59375,35.64453125
1448,290,20.01953125,138.18359375,28.3203125,52.734375,44.921875
1448,290,-97.65625,-18.5546875,8.7890625,-11.23046875,-10.7421875
1448,290,3.90625,74.21875,24.4140625,-27.83203125,2.9296875
1448,290,138.18359375,94.7265625,20.5078125,49.8046875,12.6953125
1448,290,58.10546875,17.578125,17.578125,76.66015625,24.4140625
1448,290,-99.609375,-213.37890625,32.2265625,0.0,40.52734375
1448,290,-30.2734375,-90.33203125,24.90234375,-42.48046875,24.90234375
1448,290,131.8359375,247.55859375,32.2265625,15.625,15.625
1448,290,107.421875,205.078125,74.70703125,90.33203125,41.9921875
1448,290,-60.05859375,115.72265625,67.87109375,39.0625,44.921875
1433,290,-61.5234375,76.171875,43.45703125,-27.83203125,18.06640625
1429,290,104.00390625,104.4921875,35.64453125,16.6015625,-10.7421875
1429,290,132.32421875,154.78515625,17.578125,67.3828125,16.11328125
1429,290,-13.671875,143.06640625,27.34375,45.41015625,83.0078125
1429,290,-66.40625,88.8671875,39.0625,-23.4375,55.17578125
1429,290,41.015625,58.59375,26.3671875,-21.97265625,66.89453125
1429,290,121.58203125,-62.5,29.296875,57.12890625,59.08203125
1429,290,33.69140625,-66.40625,50.78125,83.984375,35.15625
1429,290,-68.84765625,147.94921875,47.8515625,5.859375,78.125
1429,290,5.37109375,98.6328125,26.3671875,-25.87890625,88.8671875
1429,290,157.71484375,20.5078125,26.3671875,60.546875,14.16015625
1429,290,102.05078125,103.515625,48.33984375,92.7734375,-21.97265625
1406,287,-65.4296875,101.5625,39.55078125,22.94921875,-28.80859375
1406,287,-15.13671875,54.6875,52.24609375,-7.8125,15.625
1402,287,144.53125,82.51953125,67.3828125,39.55078125,41.50390625
1402,287,121.09375,156.25,51.7578125,86.42578125,31.73828125
1402,287,-43.9453125,127.9296875,47.8515625,52.734375,37.109375
1402,287,-54.19921875,-65.91796875,46.875,-4.39453125,14.6484375
1402,287,77.1484375,-174.31640625,28.80859375,-3.41796875,22.4609375
1402,287,123.046875,78.125,28.80859375,51.7578125,30.76171875
1402,287,10.25390625,199.70703125,38.0859375,66.40625,27.83203125
1402,287,-59.5703125,83.984375,20.99609375,0.48828125,92.7734375
1402,287,46.875,92.28515625,24.4140625,-17.578125,82.03125
1402,287,164.55078125,121.58203125,30.76171875,56.640625,37.109375
1386,285,71.2890625,87.40234375,40.52734375,79.58984375,54.19921875
1386,285,-60.05859375,-26.3671875,48.33984375,19.53125,48.33984375
1386,285,7.8125,-37.109375,31.73828125,-12.20703125,20.5078125
1386,285,153.3203125,166.50390625,35.64453125,44.921875,8.7890625
1386,285,102.05078125,166.9921875,54.19921875,86.42578125,16.6015625
1381,284,-71.77734375,-32.2265625,45.41015625,25.390625,15.13671875
1381,284,-41.9921875,-35.15625,33.69140625,-17.578125,28.3203125
1381,284,112.79296875,165.52734375,33.69140625,19.04296875,39.55078125
1381,284,116.2109375,243.65234375,45.41015625,65.91796875,92.7734375
1381,284,-40.52734375,-20.01953125,55.17578125,46.38671875,109.86328125
1381,284,-62.01171875,-99.609375,50.78125,-11.71875,46.38671875
1381,284,83.984375,159.66796875,42.48046875,-11.23046875,34.1796875
1360,281,149.90234375,169.921875,40.0390625,59.5703125,40.52734375
1360,281,22.4609375,59.08203125,44.43359375,55.6640625,30.76171875
1360,281,-62.5,-7.8125,42.48046875,-15.625,28.3203125
1360,281,40.52734375,102.05078125,25.390625,-17.08984375,54.6875
1360,281,149.90234375,130.859375,24.4140625,64.453125,44.921875
1360,281,59.08203125,-67.87109375,29.78515625,99.12109375,60.546875
1360,281,-84.47265625,-54.19921875,36.62109375,10.25390625,49.8046875
1360,281,-7.8125,125.9765625,49.31640625,-32.2265625,-3.41796875
1360,281,141.11328125,115.234375,49.8046875,30.2734375,36.62109375
1360,281,97.16796875,66.89453125,42.96875,65.4296875,109.86328125
1360,281,-44.43359375,159.1796875,25.390625,11.23046875,102.5390625
1360,281,-18.06640625,140.625,23.92578125,-27.83203125,55.6640625
1342,279,127.9296875,125.9765625,29.296875,17.578125,61.5234375
1342,279,145.5078125,171.875,37.59765625,77.1484375,68.84765625
1342,279,-8.30078125,182.12890625,37.59765625,40.52734375,94.23828125
1342,279,-57.6171875,85.44921875,29.78515625,-33.203125,57.6171875
1342,279,79.1015625,21.97265625,34.1796875,-3.90625,4.39453125
1342,279,161.1328125,-26.85546875,27.34375,80.56640625,-37.59765625
1342,278,46.38671875,-1.953125,20.99609375,73.2421875,-28.3203125
1337,278,-42.48046875,121.58203125,28.80859375,10.7421875,34.66796875
1337,278,40.52734375,-51.26953125,32.71484375,-10.25390625,20.99609375
1337,278,167.48046875,-104.98046875,36.1328125,45.41015625,-12.20703125
1337,278,108.3984375,214.35546875,49.31640625,77.63671875,12.20703125
1337,278,-51.7578125,195.3125,55.6640625,5.37109375,46.875
1302,278,-4.8828125,79.58984375,42.96875,-34.1796875,18.5546875
1302,278,153.3203125,228.02734375,12.20703125,21.97265625,75.68359375
1302,278,123.53515625,273.4375,10.25390625,69.82421875,98.6328125
1302,278,-48.33984375,116.69921875,47.36328125,27.34375,90.33203125
1302,278,-50.78125,28.3203125,59.08203125,-30.2734375,85.44921875
1302,278,92.28515625,40.0390625,39.55078125,-3.90625,57.6171875
1302,278,135.7421875,63.96484375,31.73828125,58.10546875,11.71875
1302,278,-3.41796875,-36.62109375,35.15625,43.45703125,-52.734375
1302,278,-88.8671875,-307.12890625,15.13671875,-42.48046875,-76.171875
1302,278,46.875,-80.078125,38.0859375,-33.69140625,-51.7578125
1302,278,164.0625,277.83203125,54.6875,55.6640625,-6.8359375
1302,278,31.25,161.1328125,21.484375,51.7578125,12.6953125
1286,278,-93.26171875,66.40625,24.90234375,-17.08984375,9.27734375
1286,278,2.44140625,156.73828125,43.9453125,-31.25,27.34375
1286,278,137.20703125,211.42578125,30.76171875,35.64453125,35.15625
1286,278,69.3359375,137.20703125,24.90234375,59.5703125,31.25
1280,278,-70.80078125,33.69140625,42.48046875,7.8125,-0.48828125
1280,278,-27.83203125,-43.45703125,41.9921875,-12.6953125,-39.0625
1280,278,109.86328125,52.734375,17.578125,20.99609375,-31.25
1280,278,82.51953125,11.71875,10.25390625,61.5234375,18.06640625
1280,278,-56.15234375,-67.87109375,29.296875,27.34375,45.41015625
1280,278,-38.0859375,68.359375,56.640625,-26.3671875,14.16015625
1280,278,90.8203125,152.34375,53.22265625,0.9765625,20.5078125
1280,278,123.53515625,52.734375,51.26953125,67.87109375,44.921875
1253,281,-11.23046875,53.22265625,46.38671875,50.29296875,65.91796875
1253,281,-65.4296875,196.2890625,44.921875,-14.16015625,93.75
1253,281,53.7109375,125.48828125,43.9453125,-2.9296875,62.98828125
1253,281,165.52734375,143.06640625,39.55078125,75.68359375,60.546875
1253,281,78.61328125,158.69140625,34.1796875,87.40234375,43.9453125
1253,281,-59.5703125,27.83203125,24.4140625,7.8125,58.59375
1253,281,2.44140625,-62.98828125,40.52734375,-22.94921875,62.98828125
1253,281,144.04296875,-26.85546875,57.6171875,42.96875,106.93359375
1253,281,110.83984375,127.44140625,49.8046875,81.54296875,84.47265625
1253,281,-35.64453125,130.859375,38.57421875,37.109375,-6.34765625
1253,281,-20.01953125,69.82421875,37.59765625,-8.7890625,29.296875
1253,281,123.046875,81.54296875,41.015625,26.3671875,51.26953125
1228,285,131.8359375,128.90625,49.8046875,85.44921875,42.96875
1228,285,-15.625,125.9765625,48.33984375,56.640625,-8.30078125
1228,285,-45.8984375,-44.43359375,35.15625,0.9765625,-45.41015625
1228,285,92.7734375,-10.7421875,33.203125,10.25390625,-36.1328125
1228,285,154.78515625,186.5234375,35.15625,70.3125,-0.9765625
1228,285,22.4609375,114.2578125,32.71484375,74.21875,43.9453125
1228,285,-61.5234375,-115.72265625,48.33984375,7.8125,66.40625
1228,285,34.66796875,-76.171875,49.8046875,-9.27734375,49.8046875
1228,285,147.94921875,233.88671875,25.390625,40.0390625,33.203125
1228,285,64.453125,228.02734375,29.78515625,61.03515625,48.828125
1228,285,-82.03125,73.73046875,40.52734375,0.48828125,37.59765625
1228,285,-19.53125,138.18359375,28.80859375,-33.203125,78.61328125
1204,290,146.484375,194.82421875,14.16015625,32.71484375,83.984375
1204,290,108.88671875,131.34765625,37.59765625,71.77734375,83.984375
1204,290,-60.546875,24.4140625,69.82421875,21.484375,70.80078125
1204,290,-44.921875,46.875,42.48046875,-32.71484375,28.3203125
1204,290,89.84375,118.65234375,22.4609375,-8.7890625,-10.7421875
1204,290,93.75,34.1796875,29.296875,48.33984375,-10.7421875
1204,290,-54.19921875,-205.56640625,38.0859375,22.94921875,47.8515625
1204,290,-78.125,-116.69921875,47.8515625,-32.2265625,35.15625
1204,290,62.01171875,186.03515625,33.69140625,-18.06640625,15.13671875
1204,290,134.765625,179.6875,30.2734375,49.31640625,43.45703125
1204,290,22.4609375,113.76953125,32.2265625,49.31640625,49.8046875
1204,290,-70.80078125,86.42578125,30.76171875,-20.5078125,11.71875
1172,298,15.625,111.81640625,16.6015625,-34.66796875,20.01953125
1172,298,132.8125,98.14453125,18.5546875,34.1796875,13.671875
1172,299,62.98828125,98.14453125,26.85546875,74.21875,36.1328125
1169,299,-73.73046875,99.609375,30.2734375,15.625,78.61328125
1169,299,-24.90234375,18.06640625,41.50390625,-26.85546875,10.25390625
1169,299,107.91015625,-116.2109375,48.33984375,25.390625,-43.45703125
1169,299,64.453125,-141.6015625,41.015625,51.26953125,5.859375
1169,299,-83.49609375,74.70703125,38.0859375,-0.9765625,5.859375
1169,299,-64.453125,145.99609375,41.015625,-46.875,4.8828125
1169,299,86.9140625,125.0,39.55078125,-8.7890625,-3.90625
1169,299,103.515625,188.4765625,36.1328125,42.96875,5.859375
1169,299,-51.26953125,147.94921875,31.25,14.6484375,-17.578125
1153,306,-107.91015625,48.33984375,35.15625,-42.48046875,-29.78515625
1150,307,6.8359375,83.984375,38.0859375,-43.45703125,34.66796875
1150,307,82.51953125,208.49609375,32.2265625,1.953125,60.546875
1150,307,-36.1328125,240.234375,36.62109375,2.44140625,95.21484375
1150,307,-160.15625,103.515625,38.57421875,-71.77734375,106.93359375
1150,307,-85.44921875,-34.66796875,25.390625,-105.95703125,33.203125
1150,307,42.48046875,42.96875,18.5546875,-50.29296875,20.5078125
1150,307,-24.90234375,142.578125,34.66796875,-19.04296875,81.54296875
1150,307,-189.453125,41.015625,41.50390625,-97.16796875,37.59765625
1150,307,-171.875,-215.8203125,25.390625,-160.15625,-45.41015625
1150,307,0.48828125,35.64453125,24.90234375,-103.02734375,-24.4140625
1150,307,-2.9296875,356.4453125,29.296875,-50.29296875,55.6640625
1137,319,-194.3359375,170.41015625,23.92578125,-106.4453125,27.34375
1137,319,-216.30859375,110.83984375,22.94921875,-181.640625,-0.48828125
1137,319,-71.2890625,246.09375,14.6484375,-157.71484375,36.1328125
1137,319,-33.203125,279.78515625,24.90234375,-103.515625,54.6875
1137,319,-172.8515625,175.78125,40.52734375,-119.140625,59.08203125
1137,319,-247.0703125,28.3203125,32.71484375,-187.5,10.25390625
1137,319,-131.8359375,68.359375,20.5078125,-195.80078125,31.73828125
1137,319,-29.78515625,283.203125,9.27734375,-124.0234375,88.37890625
1137,319,-139.6484375,78.125,15.13671875,-116.2109375,48.828125
1137,319,-264.6484375,-76.66015625,20.5078125,-186.03515625,29.78515625
1137,319,-170.8984375,211.9140625,14.16015625,-202.63671875,28.80859375
1137,319,-21.97265625,284.66796875,15.625,-128.41796875,52.734375
1126,340,-78.61328125,185.546875,20.99609375,-80.56640625,105.46875
1126,343,-221.6796875,146.484375,28.80859375,-130.37109375,108.3984375
1125,343,-183.10546875,182.6171875,19.53125,-177.24609375,103.515625
1125,343,-33.69140625,154.296875,-7.8125,-128.90625,113.76953125
1125,343,-16.6015625,68.84765625,-14.16015625,-58.10546875,60.05859375
1125,343,-146.484375,-57.12890625,9.765625,-59.08203125,18.5546875
1125,343,-151.3671875,-72.75390625,19.53125,-102.05078125,49.8046875
1125,343,-13.18359375,-45.41015625,-0.48828125,-84.47265625,13.671875
1125,343,48.33984375,-128.90625,-8.7890625,-8.7890625,-8.7890625
1125,343,-49.31640625,16.11328125,19.53125,11.71875,17.08984375
1125,343,-107.421875,84.47265625,31.25,-38.57421875,-17.578125
1125,343,24.90234375,-58.59375,38.0859375,-14.6484375,-8.7890625
1121,375,172.8515625,10.25390625,39.55078125,84.47265625,19.53125
1121,375,102.05078125,170.41015625,17.578125,104.00390625,38.0859375
1121,375,-9.765625,92.28515625,6.34765625,62.5,45.41015625
1121,375,73.73046875,27.83203125,4.8828125,44.921875,33.69140625
1121,375,238.28125,98.14453125,13.18359375,115.234375,30.76171875
1121,375,206.0546875,36.62109375,23.4375,179.6875,23.4375
1121,375,46.38671875,-10.7421875,14.6484375,129.39453125,37.109375
1121,375,71.2890625,-146.97265625,18.06640625,90.8203125,14.16015625
1121,375,229.98046875,-157.71484375,38.57421875,136.71875,-26.85546875
1121,375,252.9296875,175.78125,28.3203125,187.01171875,16.6015625
1121,375,108.3984375,158.69140625,28.80859375,171.38671875,64.94140625
1121,375,71.2890625,10.7421875,36.62109375,116.2109375,52.24609375
1120,421,198.2421875,75.1953125,14.6484375,125.9765625,41.9921875
1120,421,280.76171875,136.71875,2.44140625,196.77734375,93.26171875
1120,421,164.0625,-30.2734375,54.19921875,215.33203125,83.984375
1120,421,58.10546875,-139.16015625,91.30859375,147.94921875,46.38671875
1120,421,134.765625,-17.08984375,60.05859375,97.16796875,39.0625
1120,421,253.41796875,7.8125,50.29296875,159.1796875,9.27734375
1120,421,181.15234375,-81.0546875,56.640625,196.2890625,40.52734375
1120,421,35.64453125,-249.0234375,54.19921875,128.90625,37.59765625
1120,421,97.16796875,-104.00390625,43.9453125,86.42578125,22.4609375
1120,421,259.27734375,117.1875,45.8984375,144.04296875,33.69140625
1120,421,240.234375,46.38671875,60.05859375,198.2421875,73.73046875
1120,421,77.1484375,-56.15234375,53.22265625,154.296875,62.5
1120,460,54.19921875,-96.19140625,30.2734375,83.49609375,-39.0625
1120,460,186.03515625,-24.4140625,25.390625,106.93359375,-17.08984375
1120,460,230.95703125,34.66796875,41.50390625,187.98828125,86.42578125
1120,460,91.30859375,-39.0625,55.6640625,166.9921875,76.171875
1120,460,13.18359375,-140.625,49.8046875,83.984375,8.7890625
1120,460,123.53515625,-101.07421875,65.91796875,94.23828125,16.11328125
1120,460,215.8203125,-115.234375,75.68359375,161.62109375,62.5
1120,464,101.07421875,-204.58984375,66.89453125,153.3203125,34.66796875
1120,464,4.39453125,-20.99609375,52.24609375,91.30859375,4.39453125
1120,464,97.65625,76.171875,39.55078125,83.49609375,10.7421875
1120,464,210.44921875,77.63671875,49.8046875,133.7890625,24.90234375
1120,464,136.71875,114.74609375,57.6171875,155.2734375,44.921875
1120,526,-4.8828125,67.87109375,56.15234375,90.8203125,21.484375
1120,526,32.71484375,0.9765625,43.9453125,41.015625,32.2265625
1120,526,175.78125,-10.25390625,33.69140625,91.796875,17.08984375
1120,539,174.8046875,103.515625,50.78125,146.484375,56.640625
1121,539,10.7421875,41.9921875,57.6171875,103.02734375,64.453125
1121,539,-11.71875,-188.96484375,53.7109375,37.59765625,-8.7890625
1121,539,125.0,-368.1640625,56.640625,69.82421875,21.97265625
1121,539,164.55078125,-164.0625,45.41015625,126.953125,41.50390625
1121,539,26.3671875,109.86328125,41.9921875,92.28515625,60.546875
1121,539,-47.36328125,-108.3984375,50.78125,29.296875,-24.4140625
1121,539,66.40625,-104.98046875,43.9453125,26.3671875,-20.01953125
1121,539,170.8984375,139.16015625,49.31640625,88.8671875,79.1015625
1122,576,69.3359375,94.23828125,65.91796875,115.234375,83.49609375
1122,576,-58.10546875,-47.8515625,62.5,49.8046875,59.08203125
1122,576,11.71875,6.8359375,53.22265625,12.20703125,37.59765625
1122,576,161.62109375,115.234375,57.12890625,68.359375,-6.8359375
1122,576,116.2109375,134.27734375,62.01171875,108.88671875,8.7890625
1123,588,-57.6171875,4.8828125,52.734375,49.31640625,54.6875
1123,588,-17.578125,-17.08984375,56.15234375,5.859375,84.9609375
1123,588,156.73828125,180.17578125,63.4765625,56.15234375,63.4765625
1123,588,165.52734375,242.67578125,40.0390625,109.375,52.24609375
1123,588,10.25390625,-38.57421875,45.41015625,92.7734375,86.9140625
1123,588,-52.24609375,-110.3515625,47.8515625,14.6484375,75.68359375
1123,588,80.078125,195.3125,53.7109375,30.2734375,38.57421875
1122,634,147.94921875,195.3125,65.4296875,105.46875,10.25390625
1122,634,17.578125,40.52734375,61.5234375,89.84375,12.20703125
1122,634,-56.640625,24.4140625,59.5703125,38.57421875,34.1796875
1122,634,46.38671875,73.2421875,60.546875,39.0625,55.17578125
1122,634,161.1328125,59.08203125,73.2421875,117.67578125,71.77734375
1122,634,80.56640625,-111.81640625,83.49609375,147.94921875,47.36328125
1122,634,-43.9453125,-220.703125,92.28515625,85.9375,1.46484375
1122,634,19.04296875,-87.890625,93.75,68.359375,5.37109375
1122,634,150.87890625,-67.87109375,80.078125,125.9765625,1.953125
1122,634,113.76953125,-189.453125,80.56640625,163.0859375,40.0390625
1122,634,-35.64453125,-83.0078125,81.0546875,107.91015625,26.85546875
1122,634,-27.83203125,-7.32421875,70.80078125,70.3125,-11.71875
1119,675,104.4921875,-29.78515625,73.2421875,124.51171875,26.3671875
1119,675,133.30078125,28.80859375,89.35546875,191.40625,27.83203125
1119,675,-2.44140625,126.953125,88.37890625,161.1328125,10.25390625
1119,675,-49.8046875,108.3984375,82.03125,80.56640625,1.46484375
1119,675,73.73046875,87.40234375,78.61328125,98.14453125,-18.5546875
1119,675,151.85546875,118.1640625,90.8203125,179.6875,18.06640625
1119,675,37.59765625,102.5390625,78.125,178.22265625,51.7578125
1119,675,-54.6875,130.859375,63.96484375,105.46875,63.4765625
1119,675,42.48046875,-1.953125,74.70703125,89.84375,46.38671875
1119,675,159.66796875,12.20703125,68.84765625,145.01953125,24.4140625
1119,675,102.5390625,325.68359375,86.42578125,173.828125,55.6640625
1119,675,-36.62109375,243.1640625,102.5390625,115.72265625,19.04296875
1117,705,4.39453125,173.828125,74.21875,56.15234375,-7.8125
1117,705,153.80859375,263.18359375,54.6875,99.12109375,11.23046875
1117,705,153.3203125,357.91015625,63.4765625,169.43359375,24.4140625
1117,705,1.46484375,270.99609375,63.96484375,116.69921875,1.46484375
1117,705,-28.3203125,128.41796875,44.43359375,25.390625,-17.08984375
1117,705,102.5390625,215.8203125,30.76171875,40.0390625,-11.23046875
1117,705,141.6015625,330.078125,41.9921875,111.328125,29.78515625
1117,705,4.39453125,272.94921875,59.08203125,112.79296875,51.7578125
1117,705,-53.7109375,66.40625,62.98828125,43.9453125,29.296875
1117,705,74.70703125,251.953125,44.43359375,36.1328125,20.01953125
1117,705,167.96875,517.08984375,46.38671875,92.7734375,91.30859375
1117,705,50.78125,378.41796875,55.17578125,101.5625,92.7734375
1115,735,-53.7109375,226.5625,52.734375,43.45703125,3.41796875
1115,744,43.45703125,309.08203125,75.68359375,31.73828125,-11.23046875
1115,744,169.43359375,408.69140625,86.9140625,93.26171875,25.390625
1115,744,80.56640625,324.21875,64.94140625,99.12109375,47.8515625
1115,744,-75.68359375,234.86328125,48.828125,26.3671875,80.078125
1115,744,-20.01953125,201.66015625,54.19921875,-2.44140625,50.78125
1115,744,126.953125,244.140625,60.05859375,54.19921875,20.99609375
1115,744,105.46875,212.40234375,49.8046875,104.4921875,96.6796875
1115,744,-54.6875,52.24609375,34.66796875,46.38671875,62.98828125
1115,744,-41.50390625,239.2578125,35.15625,-12.20703125,-23.4375
1115,744,105.46875,395.99609375,31.73828125,27.34375,8.7890625
1115,744,145.01953125,382.32421875,39.0625,98.6328125,63.96484375
1114,769,15.625,343.26171875,45.41015625,84.9609375,62.01171875
1114,772,-60.05859375,292.96875,34.66796875,6.34765625,37.59765625
1114,772,56.15234375,211.42578125,54.19921875,9.27734375,-17.578125
1114,772,165.52734375,261.71875,69.3359375,82.03125,27.34375
1114,772,57.6171875,363.76953125,50.29296875,87.40234375,127.44140625
1114,772,-73.2421875,188.96484375,47.36328125,12.6953125,94.7265625
1114,772,0.0,69.3359375,48.33984375,-15.625,21.97265625
1114,772,132.32421875,-41.9921875,48.828125,52.734375,-5.859375
1114,772,84.9609375,95.703125,56.15234375,89.84375,6.8359375
1114,772,-56.640625,321.2890625,52.24609375,37.59765625,27.83203125
1114,772,-27.34375,200.68359375,33.69140625,-17.578125,2.9296875
1114,772,125.48828125,254.39453125,24.90234375,28.80859375,23.92578125
1112,803,134.27734375,371.09375,26.85546875,98.6328125,54.19921875
1112,803,-18.06640625,285.64453125,48.828125,69.3359375,43.45703125
1112,803,-46.38671875,163.0859375,67.3828125,1.953125,49.31640625
1112,803,82.51953125,152.83203125,37.109375,5.37109375,-7.8125
1112,807,139.6484375,258.30078125,29.78515625,71.2890625,-0.48828125
1112,807,11.23046875,178.7109375,52.734375,77.63671875,39.0625
1112,807,-74.21875,-80.078125,57.6171875,4.8828125,42.96875
1112,807,39.55078125,-26.85546875,51.26953125,-21.484375,51.7578125
1112,807,152.83203125,233.3984375,45.8984375,49.8046875,41.015625
1112,807,56.15234375,195.3125,50.78125,87.40234375,22.4609375
1112,807,-78.125,105.46875,45.8984375,18.06640625,46.875
1112,807,2.44140625,154.296875,44.921875,-7.32421875,35.15625
1110,838,152.83203125,326.171875,50.29296875,49.31640625,62.98828125
1110,838,107.421875,293.9453125,43.9453125,92.7734375,104.00390625
1110,838,-48.828125,105.46875,38.57421875,51.26953125,32.2265625
1110,838,-30.2734375,85.44921875,49.8046875,-11.71875,-32.71484375
1110,838,118.65234375,185.546875,55.6640625,26.3671875,-22.94921875
1110,847,133.7890625,100.5859375,49.8046875,90.8203125,10.7421875
1110,847,-17.578125,-112.79296875,43.9453125,68.84765625,25.390625
1110,847,-47.36328125,9.765625,52.24609375,-1.953125,-19.53125
1110,847,81.54296875,203.61328125,53.7109375,0.0,-45.41015625
1110,847,146.484375,211.42578125,42.48046875,71.77734375,2.44140625
1110,847,26.3671875,133.7890625,47.8515625,74.70703125,63.96484375
1110,847,-63.96484375,62.01171875,50.29296875,7.32421875,30.2734375
1109,864,28.3203125,154.78515625,35.15625,-14.16015625,-25.390625
1109,864,136.71875,145.5078125,32.2265625,51.7578125,23.4375
1109,864,63.96484375,98.14453125,43.45703125,83.49609375,47.8515625
1109,864,-64.453125,151.3671875,56.640625,20.01953125,22.4609375
1109,864,2.44140625,155.76171875,54.6875,-3.90625,26.3671875
1109,864,142.578125,145.99609375,41.50390625,46.38671875,76.66015625
1109,864,91.30859375,112.79296875,37.59765625,75.68359375,87.40234375
1109,864,-56.15234375,139.6484375,39.0625,26.3671875,70.3125
1109,872,-21.97265625,167.96875,49.31640625,-13.18359375,60.05859375
1108,872,124.0234375,12.20703125,62.98828125,42.96875,51.7578125
1108,872,137.6953125,59.5703125,49.31640625,89.84375,76.66015625
1108,872,-12.6953125,243.65234375,31.25,55.17578125,88.37890625
1107,891,-52.734375,87.40234375,24.4140625,-0.48828125,68.359375
1106,891,81.0546875,-42.48046875,27.34375,18.5546875,-20.5078125
1106,891,157.2265625,128.90625,35.15625,89.35546875,-7.32421875
1106,891,42.48046875,229.4921875,39.0625,100.5859375,68.359375
1106,891,-68.84765625,45.8984375,46.38671875,35.64453125,29.296875
1106,891,11.23046875,-234.86328125,42.96875,-3.41796875,-26.3671875
1106,891,156.25,-44.43359375,40.0390625,57.6171875,-6.34765625
1106,891,107.91015625,268.06640625,56.15234375,112.79296875,91.796875
1106,891,-53.22265625,-4.8828125,67.3828125,54.6875,37.59765625
1106,891,-5.859375,-151.3671875,59.08203125,3.41796875,-11.71875
1106,891,162.59765625,89.84375,47.8515625,51.26953125,45.8984375
1106,891,136.23046875,128.90625,54.6875,110.83984375,57.12890625
1104,910,-42.48046875,-20.99609375,56.15234375,61.5234375,66.40625
1104,910,-48.828125,-100.09765625,50.78125,-4.39453125,42.96875
1104,910,96.6796875,-31.73828125,34.66796875,11.71875,-0.9765625
1104,914,135.7421875,-54.6875,28.80859375,76.171875,-9.27734375
1104,914,-3.90625,-229.98046875,51.26953125,76.171875,0.0
1104,914,-64.453125,-315.91796875,45.41015625,5.859375,-12.6953125
1104,914,49.31640625,-223.14453125,2.9296875,1.46484375,0.9765625
1104,914,144.53125,3.90625,18.5546875,62.98828125,70.80078125
1104,914,56.640625,-151.85546875,69.3359375,88.8671875,66.40625
1104,914,-53.22265625,-311.5234375,65.4296875,28.80859375,25.87890625
1104,914,17.578125,-31.25,33.69140625,-27.34375,8.7890625
1104,914,137.6953125,46.38671875,29.296875,33.69140625,4.39453125
1104,934,78.61328125,2.44140625,33.203125,79.58984375,27.83203125
1104,934,-74.70703125,-43.45703125,35.64453125,8.30078125,7.8125
1104,934,-36.62109375,-9.765625,37.59765625,-34.1796875,22.94921875
1104,934,119.140625,20.01953125,42.48046875,27.83203125,72.75390625
1104,934,113.76953125,-5.37109375,46.875,88.37890625,79.1015625
1104,934,-41.9921875,-123.046875,32.2265625,46.875,42.48046875
1104,934,-58.10546875,-194.82421875,25.390625,-11.71875,20.99609375
1104,934,77.1484375,-133.7890625,23.92578125,15.13671875,-6.8359375
1104,934,120.1171875,-235.3515625,21.484375,77.1484375,0.48828125
1104,934,2.44140625,-95.703125,41.50390625,69.3359375,39.0625
1104,934,-62.5,95.703125,48.33984375,-4.39453125,-8.7890625
1104,934,41.50390625,82.03125,31.73828125,-1.46484375,30.76171875
1103,958,155.2734375,165.0390625,28.80859375,78.61328125,69.82421875
1103,958,63.4765625,188.4765625,44.43359375,86.9140625,23.4375
1103,958,-69.3359375,107.91015625,57.12890625,12.20703125,20.01953125
1103,958,-8.30078125,47.8515625,45.41015625,-29.78515625,22.94921875
1103,958,137.20703125,117.1875,23.4375,33.203125,20.99609375
1103,958,99.609375,109.375,29.296875,89.35546875,65.4296875
1103,958,-50.78125,97.16796875,37.59765625,46.875,108.3984375
1103,958,-39.0625,-76.171875,39.0625,-20.01953125,36.62109375
1103,958,97.16796875,-173.828125,53.7109375,7.32421875,-41.50390625
1103,958,120.60546875,174.8046875,46.38671875,77.1484375,-15.625
1103,958,-22.94921875,233.88671875,45.8984375,57.6171875,14.16015625
1103,958,-54.19921875,74.70703125,51.7578125,-7.32421875,27.83203125
1103,982,79.58984375,188.4765625,40.0390625,-2.9296875,68.84765625
1103,998,137.6953125,345.21484375,34.1796875,59.08203125,71.77734375
1103,998,10.7421875,193.84765625,37.59765625,59.08203125,20.99609375
1103,998,-75.68359375,66.89453125,40.0390625,-8.30078125,11.23046875
1103,998,25.87890625,167.96875,34.1796875,-19.53125,55.6640625
1103,998,149.4140625,155.2734375,34.66796875,50.78125,52.734375
1103,998,68.84765625,42.48046875,27.34375,79.58984375,49.31640625
1103,998,-78.61328125,-105.95703125,26.85546875,13.18359375,54.19921875
1103,998,-8.30078125,36.62109375,30.2734375,-27.83203125,21.484375
1103,998,155.76171875,312.01171875,45.8984375,41.50390625,59.08203125
1103,998,113.76953125,207.51953125,46.38671875,89.84375,75.68359375
1103,998,-51.26953125,12.6953125,25.87890625,40.52734375,13.671875
1105,1014,-24.90234375,60.05859375,30.2734375,-8.7890625,4.39453125
1105,1014,116.2109375,200.1953125,37.109375,24.4140625,72.75390625
1105,1014,118.65234375,88.8671875,36.62109375,78.61328125,70.3125
1105,1014,-26.85546875,-39.55078125,37.109375,42.96875,-14.16015625
1105,1014,-61.5234375,83.49609375,47.36328125,-22.94921875,2.44140625
1105,1014,57.6171875,124.51171875,32.2265625,-20.99609375,80.078125
1105,1014,131.8359375,-3.90625,33.203125,52.24609375,68.84765625
1105,1014,23.92578125,6.8359375,35.64453125,60.05859375,75.68359375
1105,1014,-67.87109375,223.6328125,18.06640625,-21.97265625,95.21484375
1105,1014,25.87890625,189.94140625,31.73828125,-33.203125,-6.8359375
1105,1014,149.90234375,170.8984375,49.31640625,43.45703125,-34.1796875
1105,1014,76.171875,281.25,47.36328125,74.70703125,61.5234375
1110,1034,-72.265625,239.2578125,39.55078125,11.23046875,103.02734375
1110,1034,-20.99609375,96.19140625,53.22265625,-27.83203125,46.38671875
1110,1034,136.23046875,97.16796875,54.6875,20.01953125,-4.39453125
1110,1034,124.0234375,226.07421875,38.57421875,70.3125,2.9296875
1110,1034,-16.6015625,255.37109375,37.109375,47.8515625,27.34375
1110,1034,-28.80859375,72.75390625,41.015625,-11.23046875,21.97265625
1110,1034,78.125,-76.171875,28.80859375,-10.25390625,14.6484375
1110,1034,123.046875,176.7578125,25.390625,54.6875,43.45703125
1110,1034,2.44140625,326.171875,41.9921875,54.19921875,36.62109375
1110,1034,-61.03515625,143.5546875,44.921875,-17.08984375,16.6015625
1110,1034,57.12890625,140.13671875,27.34375,-22.94921875,25.87890625
1110,1034,161.62109375,260.25390625,30.76171875,68.359375,9.27734375
1118,1056,53.7109375,263.18359375,49.31640625,89.35546875,47.8515625
1118,1056,-64.453125,154.78515625,42.48046875,9.27734375,94.23828125
1118,1056,21.97265625,120.1171875,29.78515625,-26.3671875,69.82421875
1118,1056,142.08984375,159.66796875,27.83203125,26.85546875,33.203125
1118,1056,83.49609375,184.5703125,27.83203125,73.73046875,-9.765625
1118,1056,-55.17578125,-29.78515625,54.6875,35.64453125,-5.37109375
1118,1056,-14.16015625,-184.08203125,48.828125,-20.01953125,12.6953125
1118,1056,134.765625,181.640625,13.18359375,5.37109375,18.06640625
1118,1056,123.53515625,334.47265625,34.66796875,73.2421875,21.484375
1118,1056,-33.69140625,173.828125,51.26953125,49.8046875,-14.6484375
1118,1056,-49.31640625,142.578125,22.4609375,-19.53125,-25.87890625
1118,1056,91.796875,277.34375,2.9296875,0.9765625,48.828125
1122,1065,140.625,275.390625,26.3671875,75.68359375,61.5234375
1122,1065,15.625,177.24609375,59.5703125,80.078125,59.08203125
1122,1065,-54.19921875,151.85546875,46.875,6.8359375,45.41015625
1122,1065,48.828125,190.91796875,30.76171875,-1.953125,30.76171875
1122,1065,152.34375,213.37890625,50.78125,69.82421875,71.2890625
1122,1065,56.15234375,83.49609375,61.5234375,86.9140625,77.1484375
1122,1065,-69.3359375,-28.80859375,53.22265625,24.4140625,42.96875
1122,1068,20.99609375,41.50390625,48.828125,-1.46484375,41.50390625
1123,1068,163.0859375,116.2109375,42.48046875,57.6171875,67.3828125
1123,1068,102.05078125,50.29296875,40.52734375,88.37890625,98.14453125
1123,1068,-50.78125,134.27734375,48.33984375,21.97265625,87.890625
1123,1068,-16.11328125,204.1015625,44.921875,-26.3671875,0.9765625
1133,1081,134.765625,104.4921875,24.4140625,21.484375,32.71484375
1133,1081,138.671875,24.90234375,29.296875,86.42578125,48.828125
1133,1081,-9.765625,168.45703125,45.8984375,43.9453125,16.6015625
1133,1081,-45.41015625,205.56640625,38.0859375,-28.3203125,47.8515625
1133,1081,78.125,143.5546875,26.85546875,-7.8125,28.80859375
1133,1081,139.16015625,114.2578125,30.2734375,60.546875,34.1796875
1133,1081,24.4140625,91.796875,26.3671875,65.91796875,39.0625
1133,1081,-55.6640625,101.07421875,22.94921875,-10.25390625,23.4375
1133,1081,39.0625,-83.49609375,46.875,-27.34375,-14.6484375
1133,1081,147.94921875,-91.30859375,52.734375,36.1328125,-10.25390625
1133,1081,74.21875,240.72265625,37.109375,59.08203125,38.0859375
1133,1081,-52.24609375,209.47265625,37.109375,9.765625,23.92578125
1145,1092,-3.41796875,115.234375,42.48046875,-41.015625,25.87890625
1148,1094,117.1875,216.796875,27.34375,-6.8359375,14.6484375
1148,1094,91.796875,287.109375,17.578125,62.5,30.76171875
1148,1094,-54.6875,178.22265625,27.34375,30.2734375,70.80078125
1148,1094,-49.31640625,41.9921875,44.43359375,-31.25,15.13671875
1148,1094,99.12109375,83.49609375,42.96875,0.0,18.5546875
1148,1094,132.8125,146.97265625,44.43359375,84.47265625,53.22265625
1148,1094,-13.18359375,75.1953125,44.921875,69.82421875,59.08203125
1148,1094,-70.3125,-79.58984375,27.83203125,-5.37109375,66.40625
1148,1094,48.828125,88.8671875,27.34375,-21.484375,27.34375
1148,1094,125.9765625,271.484375,40.52734375,50.29296875,20.5078125
1148,1094,13.18359375,133.7890625,48.828125,84.9609375,38.57421875
1170,1104,-83.0078125,68.84765625,46.875,11.23046875,60.05859375
1170,1104,22.4609375,228.02734375,38.57421875,-5.859375,72.265625
1170,1104,148.92578125,304.19921875,42.48046875,62.01171875,73.2421875
1170,1104,73.2421875,249.51171875,42.96875,94.23828125,89.84375
1170,1104,-64.453125,166.50390625,32.2265625,41.50390625,67.87109375
1170,1104,-6.34765625,56.15234375,27.34375,-5.859375,5.37109375
1170,1104,138.18359375,184.08203125,28.80859375,40.0390625,51.26953125
1170,1104,99.609375,107.421875,44.921875,83.0078125,58.59375
1170,1104,-61.5234375,-58.59375,45.8984375,38.57421875,13.671875
1170,1104,-44.43359375,205.56640625,27.34375,-8.30078125,52.734375
1170,1104,108.3984375,252.44140625,38.0859375,25.390625,38.57421875
1170,1104,144.04296875,227.05078125,60.05859375,93.75,29.296875
1205,1118,6.8359375,166.9921875,63.4765625,80.56640625,48.33984375
1205,1118,-54.6875,88.37890625,51.26953125,1.953125,8.7890625
1205,1118,54.6875,128.90625,28.80859375,-7.32421875,-21.484375
1205,1118,141.11328125,133.30078125,26.85546875,60.05859375,2.44140625
1205,1118,43.45703125,191.89453125,44.43359375,71.2890625,28.3203125
1205,1118,-52.24609375,127.44140625,59.08203125,15.13671875,51.7578125
1205,1118,27.83203125,40.0390625,44.921875,-2.9296875,74.21875
1205,1118,133.30078125,-42.48046875,16.11328125,44.43359375,35.64453125
1205,1118,72.75390625,103.515625,19.04296875,73.73046875,12.20703125
1205,1118,-69.3359375,254.39453125,48.33984375,10.25390625,63.4765625
1205,1118,-32.2265625,149.4140625,66.40625,-41.015625,63.96484375
1205,1118,113.28125,183.10546875,46.38671875,13.18359375,31.73828125
1223,1125,99.609375,300.29296875,36.1328125,70.3125,53.22265625
1223,1125,-47.8515625,276.85546875,38.0859375,41.9921875,68.84765625
1223,1125,-46.38671875,118.65234375,38.57421875,-18.06640625,39.55078125
1223,1125,93.26171875,96.19140625,48.33984375,3.90625,9.27734375
1223,1125,133.30078125,271.97265625,43.45703125,68.84765625,13.18359375
1223,1125,-0.9765625,202.63671875,24.90234375,64.94140625,1.953125
1226,1126,-74.70703125,-51.26953125,32.2265625,3.90625,-14.16015625
1226,1126,30.76171875,-61.03515625,48.828125,-13.671875,11.71875
1226,1126,141.11328125,322.265625,42.96875,54.6875,51.7578125
1226,1126,50.29296875,415.52734375,47.8515625,83.0078125,61.5234375
1226,1126,-80.078125,205.56640625,57.12890625,12.20703125,19.53125
1226,1126,-1.46484375,200.68359375,45.41015625,-23.92578125,18.06640625
1261,1135,154.296875,288.57421875,39.0625,45.8984375,33.203125
1261,1135,101.07421875,193.84765625,33.69140625,94.23828125,8.7890625
1261,1135,-69.82421875,40.0390625,28.80859375,28.3203125,-0.9765625
1261,1135,-34.1796875,72.75390625,28.3203125,-22.94921875,18.06640625
1261,1135,134.27734375,160.15625,33.203125,26.3671875,49.31640625
1261,1135,141.11328125,96.6796875,40.0390625,73.73046875,86.9140625
1273,1137,-20.99609375,-238.28125,37.59765625,48.33984375,65.4296875
1273,1137,-36.62109375,-229.98046875,37.59765625,-14.16015625,2.9296875
1273,1137,93.26171875,123.53515625,41.9921875,-12.6953125,13.18359375
1273,1137,144.53125,118.1640625,55.6640625,46.875,31.73828125
1273,1137,30.2734375,35.64453125,58.10546875,49.8046875,13.671875
1273,1137,-39.0625,46.875,46.875,2.44140625,10.25390625
1302,1143,64.94140625,41.9921875,28.80859375,-6.8359375,-0.48828125
1302,1143,160.64453125,11.23046875,36.62109375,50.78125,4.39453125
1302,1143,62.5,2.44140625,46.38671875,69.82421875,51.7578125
1302,1143,-67.87109375,-21.97265625,42.48046875,8.30078125,38.0859375
1302,1143,2.9296875,-54.6875,24.4140625,-23.92578125,10.7421875
1302,1143,141.11328125,-110.83984375,17.578125,34.1796875,7.32421875
1302,1143,96.19140625,-80.078125,41.50390625,81.0546875,66.89453125
1302,1143,-57.12890625,-73.2421875,54.6875,34.1796875,62.5
1302,1143,-22.94921875,-59.5703125,58.59375,-0.48828125,26.3671875
1302,1143,104.4921875,-133.30078125,43.45703125,27.34375,66.89453125
1302,1143,107.91015625,-193.84765625,28.3203125,67.3828125,28.3203125
1302,1143,-20.5078125,75.68359375,38.57421875,41.9921875,41.015625
1314,1146,-67.87109375,19.04296875,40.52734375,-28.80859375,7.32421875
1317,1146,54.6875,-21.484375,22.94921875,-13.18359375,-1.953125
1317,1146,137.20703125,117.1875,20.01953125,63.96484375,29.78515625
1317,1146,25.390625,112.79296875,27.83203125,75.1953125,0.9765625
1317,1146,-78.61328125,8.30078125,37.109375,0.9765625,35.64453125
1317,1146,19.04296875,-91.30859375,45.8984375,-18.06640625,15.625
1317,1146,144.04296875,-34.1796875,49.8046875,50.29296875,-3.41796875
1317,1146,60.05859375,86.9140625,42.48046875,67.3828125,35.64453125
1317,1146,-88.8671875,26.3671875,39.55078125,7.32421875,61.5234375
1317,1146,-42.48046875,-146.97265625,37.109375,-40.0390625,80.56640625
1317,1146,114.2578125,19.04296875,24.4140625,3.41796875,53.7109375
1317,1146,104.98046875,240.234375,28.80859375,71.2890625,50.78125
1333,1147,-45.8984375,57.12890625,54.6875,45.8984375,52.24609375
1333,1147,-35.64453125,-57.12890625,56.15234375,-9.765625,39.0625
1336,1147,100.09765625,139.16015625,42.48046875,-2.44140625,61.03515625
1336,1147,122.0703125,197.75390625,41.015625,53.7109375,88.37890625
1336,1147,-11.71875,60.546875,40.52734375,51.7578125,60.546875
1336,1147,-61.03515625,-120.1171875,37.109375,-10.25390625,7.32421875
1336,1147,52.734375,-121.58203125,32.2265625,-16.6015625,-27.34375
1336,1147,145.01953125,91.30859375,15.13671875,48.828125,13.18359375
1336,1147,39.0625,-65.91796875,17.08984375,73.2421875,57.12890625
1336,1147,-84.9609375,-265.13671875,47.36328125,-4.39453125,8.7890625
1336,1147,12.6953125,-5.37109375,45.41015625,-35.15625,-21.484375
1336,1147,149.4140625,74.70703125,34.66796875,30.2734375,0.0
1351,1149,90.8203125,-40.0390625,59.08203125,77.63671875,8.7890625
1351,1149,-55.17578125,-67.87109375,61.03515625,36.1328125,20.01953125
1351,1149,-33.69140625,2.44140625,24.90234375,-23.4375,31.73828125
1351,1149,115.234375,-42.48046875,45.8984375,30.2734375,-15.625
1351,1149,107.421875,-82.03125,65.4296875,82.03125,15.625
1351,1150,-59.08203125,-108.3984375,42.48046875,31.25,61.5234375
1354,1150,-58.59375,-113.76953125,38.57421875,-16.11328125,27.34375
1354,1150,90.33203125,-57.12890625,31.73828125,7.8125,20.5078125
1354,1150,121.09375,-150.87890625,24.90234375,66.89453125,41.9921875
1354,1150,-4.8828125,-16.6015625,33.203125,52.24609375,63.4765625
1354,1150,-67.3828125,75.1953125,27.83203125,-15.625,27.34375
1354,1150,36.62109375,15.625,25.390625,-12.20703125,42.96875
1384,1156,139.6484375,54.19921875,38.0859375,55.6640625,30.76171875
1384,1156,44.921875,111.328125,37.109375,72.75390625,11.71875
1384,1156,-93.26171875,-12.6953125,30.2734375,6.34765625,4.8828125
1384,1156,-26.85546875,-148.4375,39.0625,-26.3671875,19.04296875
1384,1156,122.55859375,5.37109375,49.8046875,32.2265625,22.4609375
1384,1156,74.21875,91.30859375,48.828125,75.68359375,45.41015625
1384,1156,-75.68359375,63.4765625,54.19921875,29.78515625,53.22265625
1384,1156,-43.45703125,-62.98828125,43.9453125,-20.5078125,38.0859375
1384,1156,100.09765625,-44.921875,23.4375,12.6953125,73.73046875
1384,1156,109.86328125,285.64453125,26.85546875,75.68359375,101.5625
1384,1156,-40.52734375,254.39453125,39.55078125,60.05859375,107.421875
1384,1156,-62.98828125,108.3984375,44.43359375,-12.20703125,83.984375
1405,1161,62.5,176.26953125,37.109375,-16.11328125,74.70703125
1405,1161,122.0703125,292.48046875,32.2265625,57.12890625,89.35546875
1405,1161,5.859375,193.359375,42.48046875,63.96484375,70.80078125
1405,1161,-83.984375,42.96875,51.26953125,-10.7421875,23.92578125
1405,1161,23.4375,120.60546875,47.8515625,-34.1796875,25.87890625
1405,1161,144.04296875,187.01171875,35.15625,37.59765625,56.15234375
1405,1161,48.828125,47.36328125,28.3203125,74.21875,13.18359375
1405,1161,-97.65625,-104.4921875,36.1328125,5.859375,-16.6015625
1405,1161,-24.90234375,112.79296875,44.921875,-34.1796875,33.203125
1405,1161,133.7890625,357.421875,43.9453125,18.5546875,43.45703125
1405,1161,85.9375,210.9375,41.9921875,67.3828125,12.6953125
1405,1161,-84.47265625,39.0625,44.921875,27.34375,34.66796875
1427,1168,-38.57421875,172.8515625,46.38671875,-16.11328125,-13.18359375
1430,1170,116.2109375,311.5234375,39.0625,23.4375,-13.18359375
1430,1170,118.1640625,329.1015625,33.203125,74.21875,97.16796875
1430,1170,-7.32421875,270.99609375,45.41015625,58.10546875,109.375
1430,1170,-49.31640625,174.31640625,36.62109375,-18.5546875,3.41796875
1430,1170,45.41015625,130.859375,29.78515625,-19.04296875,2.9296875
1430,1170,111.81640625,60.05859375,36.62109375,51.7578125,64.453125
1430,1170,6.8359375,-46.875,34.1796875,52.734375,9.765625
1430,1170,-72.75390625,92.28515625,30.76171875,-4.8828125,-37.109375
1430,1170,26.3671875,222.65625,31.25,-14.16015625,-37.59765625
1430,1170,140.625,207.03125,36.62109375,49.8046875,0.9765625
1430,1170,67.3828125,253.90625,39.55078125,62.01171875,64.94140625
1458,1179,-63.96484375,272.94921875,36.1328125,2.9296875,80.078125
